country,division,club,rank,note
bl,1,Bayern Munich,1,2025-26 우승(승점 89)
bl,1,Borussia Dortmund,2,2025-26 2위(73)
bl,1,RB Leipzig,3,2025-26 3위(65)
bl,1,VfB Stuttgart,4,2025-26 4위(62)
bl,1,Hoffenheim,5,2025-26 5위(61)
bl,1,Bayer Leverkusen,6,2025-26 6위(59)
bl,1,Freiburg,,순위 미확인
bl,1,Eintracht Frankfurt,,순위 미확인
bl,1,Augsburg,,순위 미확인
bl,1,Mainz,,순위 미확인
bl,1,Union Berlin,,순위 미확인
bl,1,Borussia Mönchengladbach,,순위 미확인
bl,1,Hamburg,,순위 미확인
bl,1,Cologne,,순위 미확인
bl,1,Werder Bremen,,순위 미확인
bl,1,Schalke,16,2026/27 승격(2부 우승)
bl,1,Elversberg,17,2026/27 승격(2부 2위)
bl,1,Paderborn,18,2026/27 승격(승강 플레이오프)
